{"cameraMode":{"drawMode":0,"name":"Shaded","section":"Shading Mode"},"sceneLighting":true,"audioPlay":false,"sceneViewState":{"m_AlwaysRefresh":false,"showFog":true,"showSkybox":true,"showFlares":true,"showImageEffects":true,"showParticleSystems":true,"showVisualEffectGraphs":true,"m_FxEnabled":true},"in2DMode":false,"pivot":{"x":-0.0660853311419487,"y":0.37794387340545657,"z":-3.310124158859253},"rotation":{"x":-0.024163806810975076,"y":0.9471725821495056,"z":-0.07346579432487488,"w":-0.31147000193595889},"size":0.16515827178955079,"orthographic":false}